{
  "id": "/subscriptions/36a076c6-1f33-4bb7-bb6e-281ae50ac25e/resourceGroups/RG-LAB2/providers/Microsoft.Resources/deployments/Microsoft.Template-20260201122450",
  "name": "Microsoft.Template-20260201122450",
  "type": "Microsoft.Resources/deployments",
  "properties": {
    "templateHash": "8020800284053585813",
    "parameters": {
      "vmName": {
        "type": "String",
        "value": "WEB1"
      },
      "location": {
        "type": "String",
        "value": "eastus2"
      }
    },
    "mode": "Incremental",
    "debugSetting": {
      "detailLevel": "None"
    },
    "provisioningState": "Succeeded",
    "timestamp": "2026-02-01T17:25:30.3962593Z",
    "duration": "PT38.9185464S",
    "correlationId": "e4434337-98d6-48c2-b87a-11b072e6ca00",
    "providers": [
      {
        "namespace": "Microsoft.Network",
        "resourceTypes": [
          {
            "resourceType": "virtualNetworks",
            "locations": [
              "eastus2"
            ]
          },
          {
            "resourceType": "networkSecurityGroups",
            "locations": [
              "eastus2"
            ]
          },
          {
            "resourceType": "networkInterfaces",
            "locations": [
              "eastus2"
            ]
          }
        ]
      },
      {
        "namespace": "Microsoft.Compute",
        "resourceTypes": [
          {
            "resourceType": "virtualMachines",
            "locations": [
              "eastus2"
            ]
          }
        ]
      }
    ],
    "dependencies": [
      {
        "dependsOn": [
          {
            "id": "/subscriptions/36a076c6-1f33-4bb7-bb6e-281ae50ac25e/resourceGroups/RG-LAB2/providers/Microsoft.Network/virtualNetworks/VNET-LAB1",
            "resourceType": "Microsoft.Network/virtualNetworks",
            "resourceName": "VNET-LAB1"
          },
          {
            "id": "/subscriptions/36a076c6-1f33-4bb7-bb6e-281ae50ac25e/resourceGroups/RG-LAB2/providers/Microsoft.Network/networkSecurityGroups/NSG-WEB",
            "resourceType": "Microsoft.Network/networkSecurityGroups",
            "resourceName": "NSG-WEB"
          }
        ],
        "id": "/subscriptions/36a076c6-1f33-4bb7-bb6e-281ae50ac25e/resourceGroups/RG-LAB2/providers/Microsoft.Network/networkInterfaces/web1438_z2",
        "resourceType": "Microsoft.Network/networkInterfaces",
        "resourceName": "web1438_z2"
      },
      {
        "dependsOn": [
          {
            "id": "/subscriptions/36a076c6-1f33-4bb7-bb6e-281ae50ac25e/resourceGroups/RG-LAB2/providers/Microsoft.Network/networkInterfaces/web1438_z2",
            "resourceType": "Microsoft.Network/networkInterfaces",
            "resourceName": "web1438_z2"
          }
        ],
        "id": "/subscriptions/36a076c6-1f33-4bb7-bb6e-281ae50ac25e/resourceGroups/RG-LAB2/providers/Microsoft.Compute/virtualMachines/WEB1",
        "resourceType": "Microsoft.Compute/virtualMachines",
        "resourceName": "WEB1"
      }
    ],
    "outputResources": [
      {
        "id": "/subscriptions/36a076c6-1f33-4bb7-bb6e-281ae50ac25e/resourceGroups/RG-LAB2/providers/Microsoft.Compute/virtualMachines/WEB1"
      },
      {
        "id": "/subscriptions/36a076c6-1f33-4bb7-bb6e-281ae50ac25e/resourceGroups/RG-LAB2/providers/Microsoft.Network/networkInterfaces/web1438_z2"
      },
      {
        "id": "/subscriptions/36a076c6-1f33-4bb7-bb6e-281ae50ac25e/resourceGroups/RG-LAB2/providers/Microsoft.Network/networkSecurityGroups/NSG-WEB"
      },
      {
        "id": "/subscriptions/36a076c6-1f33-4bb7-bb6e-281ae50ac25e/resourceGroups/RG-LAB2/providers/Microsoft.Network/virtualNetworks/VNET-LAB1"
      }
    ],
    "validationLevel": "Template"
  },
  "tags": {
    "marketplaceItemId": "Microsoft.Template"
  }
}