{
    "$schema": "https://schema.management.azure.com/schemas/2015-01-01/deploymentParameters.json#",
    "contentVersion": "1.0.0.0",
    "parameters": {
        "virtualMachines_WEB1_name": {
            "value": null
        },
        "sshPublicKeys_WEB1_key_name": {
            "value": null
        },
        "sshPublicKeys_WEB1_keykey_name": {
            "value": null
        },
        "publicIPAddresses_WEB1_ip_name": {
            "value": null
        },
        "virtualNetworks_VNET_LAB1_name": {
            "value": null
        },
        "publicIPAddresses_WEB1ip162_name": {
            "value": null
        },
        "networkInterfaces_web1438_z2_name": {
            "value": null
        },
        "networkInterfaces_web1713_z2_name": {
            "value": null
        },
        "virtualNetworks_vnet_eastus2_name": {
            "value": null
        },
        "networkSecurityGroups_NSG_WEB_name": {
            "value": null
        },
        "networkSecurityGroups_WEB1_nsg_name": {
            "value": null
        }
    }
}